model,accuracy,f1_macro,precision_macro,recall_macro,train_time_sec,predict_time_sec
LogisticRegression,0.773425,0.7733032455654427,0.7739447228006133,0.7733930223088294,1.605813980102539,0.005947589874267578
LinearSVC,0.770075,0.7698955632658973,0.7708370643748284,0.7700361277509586,2.122504234313965,0.002039194107055664
MultinomialNB,0.76215,0.7621425407900791,0.7621678535815811,0.7621434824066717,0.6497948169708252,0.012696504592895508
